state_abbr,state,year,customers,price,revenue,sales
AZ,Arizona,2001,,8.3,2174.365,26200.172
AZ,Arizona,2002,,8.27,2184.7,26412.614
AZ,Arizona,2003,,8.35,2315.709,27741.52
AZ,Arizona,2004,,8.46,2446.631,28920.651
AZ,Arizona,2005,,8.86,2707.355,30543.645
AZ,Arizona,2006,,9.4,3041.748,32367.475
AZ,Arizona,2007,,9.66,3327.59,34436.657
AZ,Arizona,2008,2528403.0,10.27,3412.2973,33236.37
AZ,Arizona,2009,2544382.0,10.73,3524.0736,32846.843
AZ,Arizona,2010,,10.97,3558.1607,32448.13799
AZ,Arizona,2011,,11.08,3666.1526,33079.074
AZ,Arizona,2012,,11.29,3718.3565,32922.97001
AZ,Arizona,2013,,11.71,3877.9857,33103.60201
AZ,Arizona,2014,,11.9,3848.9984,32346.07899
AZ,Arizona,2015,,12.13,4023.3325,33167.205
AZ,Arizona,2016,2725510.0,12.15,4094.42549,33690.78301
AZ,Arizona,2017,2764355.0,12.44,4259.2754,34251.22
AZ,Arizona,2018,2808352.0,12.77,4425.1919,34660.297
AZ,Arizona,2019,2853183.0,12.43,4317.0591,34720.05001
AZ,Arizona,2020,2896339.0,12.27,4751.04679,38707.41601
AZ,Arizona,2021,2953823.0,12.54,4655.90261,37130.339
AZ,Arizona,2022,3013393.0,13.02,4994.75748,38367.633
AZ,Arizona,2023,3068552.0,14.02,5466.05928,38992.365
AZ,Arizona,2024,3134733.0,14.91,6027.53391,40434.93099
AZ,Arizona,2025,3193720.0,15.32,5986.09529,39061.58498
OH,Ohio,2001,,8.37,3963.002,47346.163
OH,Ohio,2002,,8.24,4193.307,50863.643
OH,Ohio,2003,,8.26,4100.423,49620.578
OH,Ohio,2004,,8.45,4251.139,50300.038
OH,Ohio,2005,,8.51,4585.518,53904.244
OH,Ohio,2006,,9.34,4800.765,51375.232
OH,Ohio,2007,,9.57,5203.953,54375.759
OH,Ohio,2008,4891891.0,10.06,5371.43904,53410.59898
OH,Ohio,2009,4880392.0,10.67,5484.44449,51405.16201
OH,Ohio,2010,,11.31,6161.97038,54474.37699
OH,Ohio,2011,,11.42,6133.42536,53687.11101
OH,Ohio,2012,,11.76,6148.48859,52287.76902
OH,Ohio,2013,,12.01,6264.30154,52158.09399
OH,Ohio,2014,,12.5,6598.18126,52804.33401
OH,Ohio,2015,,12.8,6590.56858,51492.95398
OH,Ohio,2016,4911597.0,12.47,6551.23141,52524.14102
OH,Ohio,2017,4936471.0,12.63,6287.04254,49795.54001
OH,Ohio,2018,4964855.0,12.56,6839.82307,54451.71399
OH,Ohio,2019,4980931.0,12.38,6464.45326,52226.09701
OH,Ohio,2020,5014959.0,12.29,6457.16681,52552.76998
OH,Ohio,2021,5041904.0,12.77,6789.21697,53171.19298
OH,Ohio,2022,5082414.0,13.85,7384.05506,53312.216
OH,Ohio,2023,5110814.0,15.38,7646.82157,49713.53801
OH,Ohio,2024,5142108.0,15.99,8340.1507,52174.35599
OH,Ohio,2025,5118258.0,16.96,9156.44659,53997.10231
OR,Oregon,2001,,6.29,1100.132,17502.996
OR,Oregon,2002,,7.12,1248.978,17553.984
OR,Oregon,2003,,7.06,1252.144,17735.56
OR,Oregon,2004,,7.18,1293.043,18000.708
OR,Oregon,2005,,7.25,1330.449,18338.815
OR,Oregon,2006,,7.48,1418.754,18977.579
OR,Oregon,2007,,8.19,1585.853,19374.458
OR,Oregon,2008,1616596.0,8.49,1690.82791,19909.844
OR,Oregon,2009,1623386.0,8.68,1718.69541,19804.31501
OR,Oregon,2010,,8.87,1671.7266,18838.666
OR,Oregon,2011,,9.54,1852.6029,19429.175
OR,Oregon,2012,,9.8,1848.67016,18854.65901
OR,Oregon,2013,,9.9,1913.1369,19328.55801
OR,Oregon,2014,,10.47,1948.7318,18617.61301
OR,Oregon,2015,,10.66,1948.31476,18269.00699
OR,Oregon,2016,1706622.0,10.66,1980.6147,18573.242
OR,Oregon,2017,1725884.0,10.66,2138.5047,20065.93001
OR,Oregon,2018,1750240.0,10.98,2079.22789,18930.583
OR,Oregon,2019,1763783.0,11.01,2123.8824,19286.182
OR,Oregon,2020,1785131.0,11.17,2191.8668,19628.011
OR,Oregon,2021,1805684.0,11.37,2307.36249,20285.346
OR,Oregon,2022,1826286.0,11.42,2367.52605,20725.899
OR,Oregon,2023,1843683.0,12.73,2603.09789,20444.54399
OR,Oregon,2024,1868012.0,14.7,2905.5547,19767.74501
OR,Oregon,2025,1901758.0,15.37,3042.49506,19795.78469
VA,Virginia,2001,,7.79,2907.6,37325.231
VA,Virginia,2002,,7.79,3144.111,40358.373
VA,Virginia,2003,,7.76,3173.954,40876.706
VA,Virginia,2004,,7.99,3397.449,42503.395
VA,Virginia,2005,,8.16,3644.951,44661.839
VA,Virginia,2006,,8.49,3641.809,42906.018
VA,Virginia,2007,,8.74,3975.897,45480.519
VA,Virginia,2008,3169283.0,9.62,4288.12665,44596.588
VA,Virginia,2009,3189115.0,10.61,4747.64789,44763.019
VA,Virginia,2010,,10.45,5061.6034,48438.958
VA,Virginia,2011,,10.64,4871.3488,45771.144
VA,Virginia,2012,,11.08,4822.8928,43534.675
VA,Virginia,2013,,10.84,4924.51001,45416.25301
VA,Virginia,2014,,11.1,5155.2808,46443.716
VA,Virginia,2015,,11.37,5221.25889,45928.411
VA,Virginia,2016,3362985.0,11.36,5131.0254,45186.057
VA,Virginia,2017,3398529.0,11.55,5078.88861,43982.44001
VA,Virginia,2018,3431574.0,11.73,5624.4779,47962.60602
VA,Virginia,2019,3464677.0,12.07,5632.0659,46666.163
VA,Virginia,2020,3506844.0,12.03,5542.94831,46088.846
VA,Virginia,2021,3551532.0,11.96,5579.58538,46634.411
VA,Virginia,2022,3583371.0,13.34,6233.14382,46717.547
VA,Virginia,2023,3615939.0,14.26,6145.51091,43095.83801
VA,Virginia,2024,3654481.0,14.41,6524.03259,45272.825
VA,Virginia,2025,3707509.0,15.28,7214.43021,47216.8248
